publish,name,link,image,type,city,description,takeaway_text,takeaway_link,delivery_text,delivery_link,voucher_text,voucher_link,flourish_link,instagram_link,phone_number,regular_menu_available,alcohol_available,groceries_available,full_address,postcode,area,city_region,appendix_info,regular menu link,,
yes,Forest Road Brewing Co.,https://www.forestroad.co.uk/,https://dw96cc912fm1e.cloudfront.net/3b6f635e-67a5-4001-99e5-7bbb916914f4.png,Brewery,London,,n/a,n/a,Whatsapp them directly at 07507096874 to place delivery orders,https://www.forestroad.co.uk/,n/a,n/a,https://letsflourish.co/collections/forest-road-brewing-co,https://www.instagram.com/forestroadbrew,020 7249 7033,TRUE,TRUE,FALSE,"8 Netil Ln, Hackney, London E8 3RL",E8 3RL ,London Fields,East London,"Since we brewed the first 60 litre batch of beer in an east London garden in the summer of 2015, we’ve always had one mission in mind: make the beer market a better place for quality & consistent beer, ….And have fun while doing it. Our brewers take pride in using traditional brewing practices and raw materials from mother earth to make consistent and drinkable beers. Thats it. We make beer for drinking, not for thinking.",,Restaurant count,49
yes,Flour and Flowers,http://flourandflowers.uk/,https://dw96cc912fm1e.cloudfront.net/44346940-deac-4b0e-9c24-8532ca67c538.png,Bakery,London,New bakery in Hackney nestled in the quiet of a flower garden. Deliveries and takeaways from Monday - Friday,Whatsapp them on +44 7477462072 to place delivery orders,https://www.instagram.com/flourandflowers/?hl=en,Whatsapp them on +44 7477462072 to place delivery orders,https://www.instagram.com/flourandflowers/?hl=en,n/a,n/a,https://letsflourish.co/collections/flour-flowers,https://www.instagram.com/flourandflowers,02076133673,TRUE,FALSE,FALSE,"8 Hackney Rd, London E2 7NS",E2 7NS,Hackney,East London,"Flour and Flowers is a coffee shop nestled in the quiet of a flower garden, it’s a place where you can go for a picnic with a friend, or read a good book surrounded by flowers and the smell of freshly baked pastries.",http://flourandflowers.uk/our-menu/,,
yes,Dusty Knuckle Bakery,https://www.thedustyknuckle.com,https://dw96cc912fm1e.cloudfront.net/5e01b509-ae09-4b7a-a361-336d32067e8a.png,Bakery,London,"One of Dalston's most popular bakery spots. Now serving bread, pastry and filter coffee between 9am - 12pm each day","Takeaway is avaiable for bread, milk, coffee but no hot meals",https://www.instagram.com/p/B-IEsXuHTyP/,n/a,n/a,n/a,n/a,n/a,https://www.instagram.com/thedustyknuckle,02039037598,FALSE,FALSE,TRUE,"Abbot St, Dalston, London E8 3DP",E8 3DP,Dalston,East London,"We were born in a 40 ft steel freight container. Humble beginnings, with big dreams. Dusty knuckle co-founder Max Tobias had spent years working with young people caught up in serious youth violence, and had been quietly nurturing a lifelong obsession with bread-making.",,,
yes,Lardo,http://www.lardo.co.uk/,https://dw96cc912fm1e.cloudfront.net/e78a42fa-e611-4a63-b331-299d89140462.png,Restaurant,London,Hearty Italian eatery nestled by London Fields.  They're currently closed but you can buy a dinner for two voucher (including a free bottle of wine) or donate direct to their staff via the link below,n/a,n/a,n/a,n/a,Buy dinner for two (including a free bottle of wine) for £50 or donate direct to a member of staff,http://www.lardo.co.uk/,n/a,https://www.instagram.com/lardolondon/?hl=en,2089852683,FALSE,FALSE,FALSE,"197-201 Richmond Rd, Hackney, London E8 3NJ",E8 3NJ,London Fields,East London,"When we opened LARDO in 2012, our goal wasn’t complicated: authentic food, cooked simply, and eaten well. One of the key principles we wanted to convey was a sense of place, where we integrated ourselves into the fabric of the local neighbourhood. We wanted our customers to feel a sense of ownership, a belonging, that LARDO was theirs, a second home. We wanted it to feel as if it had been there forever, we wanted it to have life – energy and heart.",,,
yes,Crate Brewery,https://cratebrewery.com/,https://dw96cc912fm1e.cloudfront.net/c22c1a22-8b9e-471d-92fc-f0394656ec98.png,Brewery,London,"The micro-brewery that brought life (and some zingy pizzas) to Hackney Wick remains is remains open for delivery, and they're even offering 10% off",n/a,n/a,n/a,n/a,Crate Online Shop,https://www.flavourly.com/crate-brewery/,n/a,https://www.instagram.com/cratebrewery/?hl=en,02085333331,FALSE,TRUE,FALSE,"Unit 7 Queen's Yard, Hackney Wick, London E9 5EN",E9 5EN,Hackney Wick,East London,"In 2012, CRATE’s founders Tom, Jess & Neil had an idea: to build a brewery in a restaurant, and to make the finest beer and pizza imaginable.

They found an old print factory, The White Building, on the banks of the Lee Navigational Canal, and invited the local Hackney Wick creative community to help them build what has gone on to become a mecca for the craft beer scene.",,,
no,P.Franco,http://pfranco.co.uk/,https://dw96cc912fm1e.cloudfront.net/38635910-1c55-4d5d-ac5c-6c0ebe4a6851.png,Wine,London,,Taking takeaway orders via Instagram,https://www.instagram.com/p/B-AP6__jwE3/,n/a,n/a,n/a,n/a,n/a,https://www.instagram.com/p/B-AP6__jwE3/,,,,,,,Clapton,East London,,,,
no,Peg,https://www.peglondon.co.uk/,https://dw96cc912fm1e.cloudfront.net/6dd5d0a2-3dde-4257-bdb5-ace4c2f5fa8b.png,Restaurant,London,,n/a,n/a,n/a,n/a,n/a,n/a,n/a,,,,,,,,Hackney,East London,,,,
yes,Bright,https://www.brightrestaurant.co.uk/,https://dw96cc912fm1e.cloudfront.net/f2b8301a-86cc-4e32-ad88-104f25122e55.png,Restaurant,London,Bright's menu of deliciously eclectic small plates is currently on a COVID hiatus but their wine selection (sourced from their sister stores Noble fine liquor and P Franco) is available via the link,Taking takeaway orders via their website,https://brightrestaurant.slerp.com/order/,Delivery Link,https://brightrestaurant.slerp.com/order/,n/a,n/a,n/a,https://www.instagram.com/bright_restaurant/,020 3095 9407,FALSE,TRUE,FALSE,"1 Westgate St, Hackney, London E8 3RL",E8 3RL,London Fields,East London,,,,
no,Esters,http://www.estersn16.com/,https://dw96cc912fm1e.cloudfront.net/edae5c3b-75f0-4136-97ac-e0d4be2b82a3.png,Cafe,London,,WhatsApp 07578313575 for orders,n/a,Delivery Link,https://esters.selz.com/,n/a,n/a,n/a,https://www.instagram.com/estersn16/,,,,,,,Stoke Newington,East London,"We brew the best coffee we can find from roasters we trust, tea from farms smaller than 15 acres and cook delicious brunches based on sourdough bread, organic eggs, seasonal produce & preserves. We like to experiment and make as much as we can in house and whatever we can't make comes from producers that aren't based too far away.",,,
yes,The Beehive,https://www.thebeehivelondon.co.uk/,https://dw96cc912fm1e.cloudfront.net/996b5a72-11df-4a30-b284-6a3e1a0eae05.png,Cafe,London,,n/a,n/a,DM them on instagram,https://www.instagram.com/p/B-HV8TYHJYP/?utm_source=ig_web_copy_link,n/a,n/a,https://letsflourish.co/collections/the-beehive,https://www.instagram.com/thebeehiveldn/,n/a,FALSE,FALSE,FALSE,"36 New N Rd, Hoxton, London N1 6TE",N1 6TE,Hackney,East London,,,,
no,Angelina,http://www.angelina.london/,https://dw96cc912fm1e.cloudfront.net/d3b176fc-e8aa-4797-aa91-4660ddf31604.png,Restaurant,London,,,n/a,n/a,n/a,n/a,n/a,n/a,n/a,,,,,,,Dalston,East London,,,,
no,Noble Fine Liquor,https://www.noblefineliquor.co.uk/,https://dw96cc912fm1e.cloudfront.net/b6d2985a-3a8e-42df-9193-57a0076a8e25.png,Wine,London,,n/a,n/a,n/a,n/a,Web store,https://www.noblefineliquor.co.uk/,n/a,https://www.instagram.com/noblefineliquor/,,,,,,,London Fields,East London,"We created Noble Fine Liquor because the local bottle shop we wanted did not exist. We wanted a place that offers fine drinks for all occasions - humble wines for the everyday table, great wines for contemplation, and beer and cider for everything in between. A place where everything on offer is a product of human passion. Where the wine reflects a great sense of place, or terroir. Where we could enjoy regular tasting events, and a sense of community. We created Noble Fine Liquor to be that place. - CHANGED TO NO AS TEMPORARILY SHUT (AS OF 24.20)",,,
yes,Berber & Q,https://www.berberandq.com/,https://dw96cc912fm1e.cloudfront.net/2d4583e8-7a52-4257-a246-f24e766d8986.png,Restaurant,London,"Berber & Q is now Berber & You, as the B&Q team have turned all their efforts to cooking for the real local heroes, the NHS.  Donate to this great cause today via the link below",n/a,n/a,n/a,n/a,NHS Donations accepted,http://berberandyou.com/,n/a,https://www.instagram.com/berberandq/?hl=en,02079230829,FALSE,FALSE,FALSE,"338 Acton Mews, Haggerston, London E8 4EA",E8 4EA,Haggerston,East London,"Our menus take inspiration from pretty much anywhere we can find it, but with a bias towards the ingredients and flavours of the Middle East, North Africa and across the Ottoman. We favour vegetables as much as meat and fish, we like our wines natural and our cocktails kick ass. We cook over live fire because it makes food taste better. We love simple, honest cooking with loud colours and big, bold flavours.",,,
yes,Laughing Heart,http://thelaughingheartlondon.com/,https://dw96cc912fm1e.cloudfront.net/2869ef3b-a810-4673-91e1-640798b2bc5d.png,Restaurant,London,"LH are now bringing their foodie small plates and vast wine selection (now selling at retail prices) along with a range of charcuterie, cheese and other staples direct to your door ",Now offering in store pick-up,https://thelaughingheartlondon.slerp.com/,Now offering both takeaway and delivery services in real time or in advance,https://thelaughingheartlondon.slerp.com/,Can buy vouchers from £50,https://thelaughingheartlondon.giftpro.co.uk/vouchers/gift-voucher/,n/a,https://www.instagram.com/thelaughingheart_london/,02076869535,TRUE,TRUE,TRUE,"277 Hackney Rd, Haggerston, London E2 8NA",E2 8NA,Haggerston,East London,"Head Chef Tom Anglesea serves a new take on contemporary British cuisine, utilising the finest produce available to offer dishes that draw inspiration in flavour from many parts of the world.",,,
yes,Pophams,https://www.pophamsbakery.com/,https://dw96cc912fm1e.cloudfront.net/eb20381e-a1c1-4bc6-a8b6-7f3c7e87ba56.png,Bakery,London,,Now offering in store pick-up,https://www.instagram.com/pophamsbakery/,Weekly deliveries to local residents. Follow the link in their bio,https://www.instagram.com/pophamsbakery/,n/a,n/a,n/a,https://www.instagram.com/pophamsbakery/,02085251416,TRUE,FALSE,FALSE,"19 Prebend St, Islington, London N1 8PF",N1 8PF ,London Fields,East London,"We're an artisanal bakery using traditional techniques to create the most delicious, hand-crafted viennoiserie pastries and fresh pasta with a modern twist. Our wine is carefully selected from small, independent producers. ",,,
no,Sager,,https://dw96cc912fm1e.cloudfront.net/10d73781-6cc7-4860-b80e-9e3032ee98c9.png,,,,,,n/a,n/a,n/a,n/a,n/a,n/a,,,,,,,Bethnal Green,East London,,,,
yes,Krapow,https://www.krapowldn.com/,https://dw96cc912fm1e.cloudfront.net/93d5c796-625c-4098-af7a-5d8ce5832261.png,Restaurant,London,,Now offering in store pick-up,https://weborder.thegoodtill.com/krapow,As well as online delivery via deliveroo,https://deliveroo.co.uk/menu/london/lower-clapton/krapow-ldn,n/a,n/a,n/a,https://www.instagram.com/krapowldn,02038589858,TRUE,FALSE,FALSE,"62 Chatsworth Rd, Lower Clapton, London E5 0LS",E5 0LS,Clapton,East London,"This thai-inspired street food-vendor turned Clapton restaurant has a menu full of flavour that is perfect for sharing.  If that doesn't sway you, then maybe then surely the fact their moo ping grilled pork was voted London's favourite dish in 2017 will",,,
yes,Newcomer Wines,https://www.newcomerwines.com/,https://dw96cc912fm1e.cloudfront.net/188f687a-4553-4a94-a0fb-f0b967ab5cca.png,Wine,London,,n/a,n/a,Now offering wine delivered direct to your door anywhere in the UK (in store pick-up also available),https://newcomerwines.slerp.com/order/store/newcomer-wines-newcomer-wines,n/a,n/a,n/a,https://www.instagram.com/newcomer_wines,02072492177,FALSE,TRUE,FALSE,"5 Dalston Ln, Dalston, London E8 3DF",E8 3DF,Dalston,East London,"Wine shop by day, wine bar by night - this Dalston outfit has a great range of wines from across Europe including the largest selection of Austrian wine (yes that's a thing) in London",,,
yes,Pidgin,https://www.pidginlondon.com/,https://dw96cc912fm1e.cloudfront.net/5a802f10-6eee-467a-81e8-d70391ee6374.png,Restaurant,London,,"Now with a new (aptly named) takeaway service called Homing Pidgin, offering michelin star quality meals at dine-in prices along with a range of wines",https://www.pidginlondon.com/,n/a,n/a,n/a,n/a,n/a,https://www.instagram.com/pidginlondon,02072548311,TRUE,TRUE,TRUE,"52 Wilton Way, Hackney, London E8 1BG",E8 1BG,London Fields,East London,"Nestled away just north of London Fields, this cosy Michelin star restaurant has built a reputation as one of East London best foodie spots with an innovative four course menu that changes every week based around their pledge never to repeat a dish.",,,
yes,Snackbar,https://snackbarlondon.com/,https://dw96cc912fm1e.cloudfront.net/312c1631-a46c-4854-8ca3-b78c332714a7.png,Restaurant,London,,Now offering a range of rice bowls and dumplings for home delivery (pick-up in store also available),https://snackbar.slerp.com/order,Now offering a range of rice bowls and dumplings for home delivery (pick-up in store also available),https://snackbar.slerp.com/order,n/a,n/a,n/a,https://www.instagram.com/snackbarlondon,n/a,TRUE,TRUE,FALSE,"20 Dalston Ln, Dalston, London E8 3AZ",E8 3AZ,Dalston,East London,available between 11am-3pm from Monday to Friday,,,
yes,Four Legs,https://www.instagram.com/fourlegs_ldn/,https://dw96cc912fm1e.cloudfront.net/5721f19a-030a-4177-869a-f1518cd05ed5.png,Pub,London,,Available for pick-up at their Islington base in the Compton Arms,https://www.fourlegs.kitchen/order,Also offering delivery services in and around Islington,https://www.fourlegs.kitchen/order,Donate to Four Legs staff here,https://www.gofundme.com/f/four-legs-for-the-people?utm_medium=copy_link&utm_source=customer&utm_campaign=p_lico+share-sheet,n/a,https://www.instagram.com/fourlegs_ldn,n/a,FALSE,FALSE,FALSE,"4 Compton Ave, Islington, London N1 2XD",N1 2XD,Islington,North London,,,,
no,Mao Chow,https://www.mao-chow.com/,https://dw96cc912fm1e.cloudfront.net/49f59aab-919c-41a9-8d64-7f9e2cc7a2aa.png,Restaurant,London,TEMPORARILY CLOSED,n/a,n/a,"Now offering dumplings, noodles and more. Text 07593824557 with your order, address and delivery instructions",n/a,n/a,n/a,n/a,https://www.instagram.com/mao_chow,n/a,TRUE,FALSE,FALSE,"159A Mare St, Hackney, London E8 3RD",E8 3RD,Hackney,East London,"This Sichuan vegan street food joint in Hackney serves up a range of noodles, dumplings and veggies with so much flavour there's something just just about everyone (even die-hard carnivores)",,,
yes,Love Shack,https://www.loveshackldn.com/,https://dw96cc912fm1e.cloudfront.net/cca2b19f-826a-4c03-8003-1f2f54662ccc.png,Restaurant,London,,n/a,n/a,Now offering same day delivery on orders before 2PM.,https://www.loveshackldn.com/love-in-store,n/a,n/a,n/a,https://www.instagram.com/loveshack_ldn,07717756709,FALSE,TRUE,TRUE,"Arch 298, 299 Cambridge Heath Rd, London E2 9HA",E2 9HA,Hackney,East London,"Love Shack is a plastic free patch of vegan paradise in the heart of Hackney, East London. We are a dog friendly vegan restaurant, cocktail bar, events space, cafe, juice and smoothie bar and much more. A place where the food is good, the drinks are great, the music has rhythm and the vibes are just lovely",,,
yes,E Pellicci,https://epellicci.co.uk/,https://dw96cc912fm1e.cloudfront.net/759346ee-b49f-406b-93b2-ebd116e1d9c2.png,Restaurant,London,,now offering a delicious menu of Italian classics that can be made at home (contact details in menu),https://epellicci.co.uk/wp-content/uploads/epellicci.pdf.pdf,n/a,n/a,n/a,n/a,n/a,https://www.instagram.com/PellicciCafe,02077394873,FALSE,FALSE,FALSE,"332 Bethnal Green Rd, London E2 0AG",E2 0AG,Bethnal Green,East London,"Being called East London's most famous caff may sound like a big claim, but E Pellicci is just that. Whilst their egg and chips may be legendary, this Italian family run outfit is now offering a range of Italian homely classics, including asagne and spaghetti bolognese to go",,,
yes,Yard Sale Pizza,https://yardsalepizza.com/,https://dw96cc912fm1e.cloudfront.net/cbf70458-b47e-472c-8b55-e194da082591.png,Restaurant,London,,n/a,n/a,"YSP remains open for business and is offering pick-up and takeaway options from each of its stores - located in Clapton, Hackney Rd, Finsbury Park, Leytonstone and Walthamstow",https://www.yardsalepizzaorder.com/locator?locale=en-GB,n/a,n/a,n/a,https://www.instagram.com/yardsalepizza,02036029090,TRUE,TRUE,FALSE,"105 Lower Clapton Rd, Lower Clapton, London E5 0NP",E5 0NP,North and East London (various),East London,​,,,
no,Nandine,https://www.instagram.com/nandineuk,https://dw96cc912fm1e.cloudfront.net/,Restaurant,London,,n/a,n/a,Now offering delicious mezze boxes for delivery in the Peckham and Camberwell area along with a takeaway from their Church St branch - call 02077033221 to order,n/a,n/a,n/a,n/a,https://www.instagram.com/nandineuk,,,,,,,Camberwell,South London,Kurdish food by Chef Pary Baban. Smaller plates to share and kebabs from Kurdistan.,,,
yes,Motcombs,https://motcombs.co.uk/,https://dw96cc912fm1e.cloudfront.net/8ecafc3b-3c0e-4141-b3dc-f015fcac71ef.png,Restaurant,London,,Menu on website - call 02072356382 to order,n/a,n/a,n/a,n/a,n/a,n/a,https://www.instagram.com/motcombsrestaurant/?hl=en,020 7235 6382,TRUE,TRUE,FALSE,"26 Motcomb St, Belgravia, London SW1X 8JU",SW1X 8JU,Belgravia,West London,on motcomb street; mostly because they let me sit there for ages to read.,,,
no,Locanda Ottoemezzo,https://www.locandaottoemezzo.org.uk/,https://dw96cc912fm1e.cloudfront.net/,Restaurant,London,,n/a,n/a,n/a,n/a,Buy gift voucher online,https://www.locandaottoemezzo.org.uk/gift-voucher-form/,,,,,,,,,Kensington,West London,and its adjoining cafe. the restaurant is for fancy dinners and the cafe is open during the day; the food in both are great. CHANGED TO NO AS INSTA SAYS NO LONGER OPEN,,,
yes,Darby's,https://www.darbys-london.com/,https://dw96cc912fm1e.cloudfront.net/f6ac580d-5d16-4ccd-8d4b-a6d1460a653f.png,Restaurant,London,,"Pick up in-store, menu on instagram",https://www.instagram.com/darbyslondon/,n/a,n/a,n/a,n/a,n/a,https://www.instagram.com/darbyslondon/,,FALSE,FALSE,FALSE,"3 Viaduct Gardens, Nine Elms, London SW11 7AY",SW11 7AY,Vauxhall,South London,fancyish restaurant in vauxhall,,,
no,Three Eight Four,no updates for 6 days,https://dw96cc912fm1e.cloudfront.net/,,London,,,,,,,,,,,,,,,,Brixton,South London,,,,
no,Salon,http://salonbrixton.co.uk/,https://dw96cc912fm1e.cloudfront.net/ce75b3d3-f649-4947-9950-f89da5a36055.png,Restaurant,London,NOT OPEN,n/a,n/a,n/a,n/a,Vouchers available from Info@salonbrixton.co.uk,https://www.instagram.com/p/B-HmfcKH3BL/,n/a,https://www.instagram.com/p/B-HmfcKH3BL/,02075019152,,,,,,Brixton,South London,,,,
yes,Old Spike Roastery,https://oldspikeroastery.com/,https://dw96cc912fm1e.cloudfront.net/89a281e8-98f4-4945-97f8-c66dfe11d42b.png,Cafe,London,,n/a,n/a,n/a,n/a,Online sales link,https://oldspikeroastery.com/collections,n/a,https://www.instagram.com/p/B-JhujeHDJX/,no phone number,FALSE,FALSE,FALSE,"54 Peckham Rye, Peckham, London SE15 4JR",SE15 4JR,Peckham,South London,,,,
yes,Top Cuvee,https://www.topcuvee.com,https://dw96cc912fm1e.cloudfront.net/241ce998-ac76-41bb-bede-554d49672a50.png,Restaurant,London,,Takeaway link ,https://www.instagram.com/p/B-JtvUDnMHs/,Delivery Link,https://www.topcuvee.com/shop,n/a,n/a,n/a,https://www.instagram.com/p/B-JtvUDnMHs/,02032941665,TRUE,TRUE,TRUE,"177B Blackstock Road, London, N5 2LL",N5 2LL,Highbury,North London,,,,
yes,Trevi ristorante,https://www.treviristorante.com/,https://dw96cc912fm1e.cloudfront.net/ff3ad3c0-0035-4615-8e9a-cdfa22aa57f0.png,Restaurant,London,,n/a,n/a,On Deliveroo,https://deliveroo.co.uk/menu/london/islington/trevi-ristorante#,n/a,n/a,n/a,https://www.instagram.com/trevirestaurant/,,TRUE,TRUE,FALSE,"16-18 Highbury Cres, Highbury East, London N5 1RD",N5 1RD,Highbury,North London,,,,
yes,1251 by James Cochran,https://www.1251.co.uk/,https://dw96cc912fm1e.cloudfront.net/407e982f-1806-4db2-95cd-553f3531203b.png,Restaurant,London,,n/a,n/a,On Deliveroo,https://deliveroo.co.uk/menu/london/upper-street/goat-by-chef-james-cochran,n/a,n/a,n/a,http://instagram.com/1251_twelve_fifty_one,07934202269,FALSE,TRUE,FALSE,"107 Upper St, The Angel, London N1 1QN",N1 1QN,Angel,North London,,,,
yes,Trattoria N16,http://trattorian16.com/,https://dw96cc912fm1e.cloudfront.net/85f103fb-55b0-425e-acbe-a6c90203fca5.png,Restaurant,London,,n/a,n/a,On Deliveroo,https://deliveroo.co.uk/menu/london/newington-green/trattoria-sapori,n/a,n/a,n/a,n/a,02077040744,FALSE,TRUE,TRUE,"44-45 Newington Green, London N16 9QH",N16 9QH,Highbury,North London,,,,
yes,Coal Rooms,https://www.coalroomspeckham.com/,https://dw96cc912fm1e.cloudfront.net/5d1650e4-b91c-4695-9047-f2b9564ac319.png,Restaurant,London,,n/a,n/a,Delivery Link - Sundays only,https://old-spike-roastery.slerp.com/order,n/a,n/a,n/a,https://www.instagram.com/coalrooms/,n/a,FALSE,FALSE,FALSE,"Coal Rooms, 11a Station Way, London SE15 4RX",SE15 4RX,Peckham,South London,,,,
yes,Ombra ,https://www.instagram.com/ombrabar.restaurant/?hl=en,https://dw96cc912fm1e.cloudfront.net/4b7fb2c9-0dc4-4cba-b840-13ad8d011a6c.png,Restaurant,London,,Takeaway link ,https://docs.google.com/document/d/1hzRQ06N2pAkLRNtZgw8cAZHVX76DZybrAYOeZ77WwrI/edit,Delivery Link,https://docs.google.com/document/d/1hzRQ06N2pAkLRNtZgw8cAZHVX76DZybrAYOeZ77WwrI/edit,n/a,n/a,n/a,https://www.instagram.com/ombrabar.restaurant/?hl=en,07495 110935,TRUE,TRUE,TRUE,"1 Vyner St, London E2 9DG",E2 9DG,Hackney,East London,,,,
yes,Lucky & Joy,https://luckyandjoy.co.uk/,https://dw96cc912fm1e.cloudfront.net/4e08e0cc-71ab-4965-a751-7a08ebe0e347.png,Restaurant,London,,Call 07488965965 to order - menu on instagram,https://www.instagram.com/luckyandjoyldn/?hl=en,Call 07488965965 to order - menu on instagram,https://www.instagram.com/luckyandjoyldn/?hl=en,n/a,n/a,n/a,https://www.instagram.com/luckyandjoyldn/?hl=en,07488965965,TRUE,TRUE,FALSE,"95 Lower Clapton Rd, Lower Clapton, London E5 0NP",E5 0NP,Clapton,East London,,,,
yes,Lupins,https://www.lupinslondon.com/,https://dw96cc912fm1e.cloudfront.net/ad5be52b-07f8-4d5e-a89e-09d47d1c6a06.png,Restaurant,London,,n/a,n/a,Call 02039085888 or email orders Hello@lupinslondon.com (menu on website),https://uploads-ssl.webflow.com/5ae38aa7aca8ed05a9425db8/5e739caeba24f2db7cd211d6_Lupins_Home_Dining_Menu.pdf,n/a,n/a,n/a,https://www.instagram.com/lupinslondon/?hl=en,n/a,TRUE,FALSE,FALSE,"66 Union St, London SE1 1SG",SE1 1SG,Southwark,South London,,,,
yes,Caso do Frango ,https://www.casadofrango.co.uk/,https://dw96cc912fm1e.cloudfront.net/129c879f-579a-40d2-987f-5e49719e55f3.png,Restaurant,London,,n/a,n/a,On Deliveroo,https://linktr.ee/CasadoFrango_,Gift Vouchers,https://casadofrango.giftpro.co.uk/,n/a,https://www.instagram.com/casadofrango_london/?hl=en,n/a,TRUE,TRUE,FALSE,"1st floor, 32 Southwark St, London SE1 1TU",SE1 1TU,London Bridge,South London,,,,
yes,40 Maltby Street,https://www.instagram.com/40maltbystreet/?hl=en,https://dw96cc912fm1e.cloudfront.net/089d018a-4ab1-4c23-938e-8473e4d0ec23.png,Wine,London,,n/a,n/a,Wine delivery - call 02072379247,https://www.instagram.com/40maltbystreet/?hl=en,n/a,n/a,n/a,https://www.instagram.com/40maltbystreet/?hl=en,02072379247,FALSE,TRUE,FALSE,"40 Maltby St, London SE1 3PA",SE1 3PA,London Bridge,South London,,,,
yes,Juliets,https://www.instagram.com/julietsqualityfood/,https://dw96cc912fm1e.cloudfront.net/db491316-0e9c-4bff-a98e-b88944631930.png,Restaurant,London,,n/a,n/a,Delivery link,https://juliets.slerp.com/order,n/a,n/a,n/a,https://www.instagram.com/julietsqualityfood/,n/a,TRUE,FALSE,FALSE,"110 Mitcham Road, Tooting, Broadway, SW17 9NG",SW17 9NG,Tooting,South London,,,,
yes,Made of Dough,http://www.madeofdough.co.uk/,https://dw96cc912fm1e.cloudfront.net/ef03d575-dc20-4db9-961d-1448b4691280.png,Restaurant,London,,n/a,n/a,Peckham branch on Deliveroo,https://deliveroo.co.uk/menu/london/peckham/made-of-dough-bellenden#,n/a,n/a,n/a,https://www.instagram.com/madeofdoughldn/?hl=en,n/a,TRUE,FALSE,FALSE,"182 Bellenden Rd, Peckham, London SE15 4BW",SE15 4BW,Peckham,South London,,,,
yes,Hide,https://www.hide.co.uk/,https://dw96cc912fm1e.cloudfront.net/2dcc4c20-202c-4d28-9142-1d9781aaa51e.png,Restaurant,London,,Call 0203 146 8666 - menu online,https://www.hide.co.uk/Hide_at_home.pdf,Call 0203 146 8666 - menu online,https://www.hide.co.uk/Hide_at_home.pdf,n/a,n/a,n/a,https://www.instagram.com/hide_restaurant/?hl=en,0203 146 8666,TRUE,FALSE,FALSE,"85 Piccadilly, Mayfair, London W1J 7NB",W1J 7NB,Mayfair,West London,,,,
no,Olroyd,,,Restaurant,London,,,,,,,,n/a,,,,,,,,Islington,North London,,,,
no,Kiln,,,,,,,,,,,,n/a,,,,,,,,Soho,Central London & The City,,,,
no,Anglo,,,,,,,,,,,,n/a,,,,,,,,Farringdon,Central London & The City,,,,
no,The Drunken Butler,,,,,,,,,,,,n/a,,,,,,,,Clerkenwell,Central London & The City,,,,
no,The Gate ,,,Restaurant,London,,,,,,,,n/a,,,,,,,,Islington,North London,,,,
no,Trullo,,,,,,,,,,,,n/a,,,,,,,,Islington,North London,,,,
no,Padella,,,,,,,,,,,,n/a,,,,,,,,London Bridge,South London,,,,
no,The Pig and Butcher,,,,,,,,,,,,n/a,,,,,,,,Islington,North London,,,,
no,BAO,,,,,,,,,,,,n/a,,,,,,,,Soho,Central London & The City,,,,
no,Sabor,,,,,,,,,,,,n/a,,,,,,,,Soho,Central London & The City,,,,
no,Magpie,,,,,,,,,,,,n/a,,,,,,,,Soho,Central London & The City,,,,
no,Antidote wine bar,,,,,,,,,,,,n/a,,,,,,,,Soho,Central London & The City,,,,
no,Freak Scene,,,,,,,,,,,,n/a,,,,,,,,Soho,Central London & The City,,,,
no,River Cafe,,,,,,,,,,,,n/a,,,,,,,,,West London,,,,
no,Xi'an Impression,,,,,,,,,,,,n/a,,,,,,,,,North London,,,,
no,Westerns Laundry,,,,,,,,,,,,n/a,,,,,,,,,North London,,,,
yes,Farang,https://faranglondon.co.uk/,https://dw96cc912fm1e.cloudfront.net/d90ba64b-237a-458d-9ccb-9ee9b206c4b5.png,Restaurant,London,,Takeaway Link,https://faranglondon.co.uk/takeaway-menu,Coming Soon ,n/a,n/a,n/a,n/a,https://www.instagram.com/farangldn/?hl=en,020 7226 1609,TRUE,FALSE,FALSE,"72 Highbury Park, Highbury East, London N5 2XE",N5 2XE,Highbury,North London,,,,
no,AUN,,,,,,,,,,,,n/a,,,,,,,,Stoke Newington,East London,,,,
linkphoto,Zephyr Burgers,https://www.instagram.com/peckhamlevels/,https://dw96cc912fm1e.cloudfront.net/f6b5b0ef-c86a-4f30-8427-fa47c9eea5e3.png,Restaurant,London,,n/a,n/a,On Deliveroo,https://deliveroo.co.uk/menu/london/peckham/zephyr-burgers-peckham-levels#,n/a,n/a,n/a,https://www.instagram.com/zephyrburgers/,07903241274,TRUE,TRUE,FALSE,"F1-F6 Peckham Town Centre Carpark, 95A Rye Ln, London SE15 4ST",SE15 4ST,Peckham,South London,California Smash Burgers,,,
yes,Canopy Beer,https://www.instagram.com/canopybeerco/,https://dw96cc912fm1e.cloudfront.net/a47f58ed-aaea-4e8b-ba09-970341f8ba0a.png,Brewery,London,,n/a,n/a,On their website,https://shop.canopybeer.com/,n/a,n/a,n/a,https://www.instagram.com/canopybeerco/,2086719496,TRUE,TRUE,FALSE,"Canopy Beer Co, Arch 1127, Bath Factory Estate, 41 Norwood Road, London SE24 9AJ",SE24 9AJ,Herne Hill,South London,,,,
yes,Mr Bao,https://www.instagram.com/mrbaouk/?hl=en,https://dw96cc912fm1e.cloudfront.net/3d5cecad-5e18-4c0c-bb4a-909a318459d0.png,Restaurant,London,,n/a,n/a,"Delivery of frozen dumplings - email tables@mrbao.co.uk with your name, number, address, quantity and type of buns.",n/a,Vouchers available,https://mrbao.giftpro.co.uk/vouchers/gift-voucher/,n/a,https://www.instagram.com/mrbaouk/?hl=en,02076350325,FALSE,FALSE,FALSE,"293 Rye Ln, Peckham, London SE15 4UA",SE15 4UA,Peckham,South London,"Asian-inspired menu of steamed buns with some unusual fillings, plus cocktails & tea in casual digs.",,,
yes,Artusi,https://www.instagram.com/artusipeckham/,https://dw96cc912fm1e.cloudfront.net/8accbac6-c3f8-4659-a918-583b15372fac.png,Restaurant,London,,n/a,n/a,n/a,n/a,Vouchers available,https://uk.resdiary.com/Vouchers/Home/Index/7580?previouslyRedirected=1,n/a,https://www.instagram.com/artusipeckham/,02033028200,FALSE,FALSE,FALSE,"161 Bellenden Rd, Peckham, London SE15 4DH",SE15 4DH,Peckham,South London,Chalkboard menu of unfussy seasonal Mediterranean dishes and Italian wines in a pared-back setting.,,,
no,Peckham Cellers,https://www.instagram.com/peckhamcellars/?hl=en,https://dw96cc912fm1e.cloudfront.net/22de215b-59ac-42de-a374-2072401db4ba.png,Wine,London,CHANGED TO NO AS INSTA SAYS IT IS NOW CLOSED,n/a,n/a,n/a,n/a,Vouchers available,https://peckhamcellars.co.uk/wine,n/a,https://www.instagram.com/peckhamcellars/?hl=en,02072070124,FALSE,TRUE,FALSE,"125 Queen's Rd, Peckham, London SE15 2ND",SE15 2ND,Peckham,South London,"Your neighbourhood wine shop, bar and kitchen. A South-East spot to buy and drink great wines and eat delicious seasonally-focused food.",,,
linkphoto,The Old Nun's Head,https://www.instagram.com/theoldnunshead/?hl=en,https://dw96cc912fm1e.cloudfront.net/23cd9165-af2c-4e4f-90f1-1c1cd9627303.png,Pub,London,,n/a,n/a,Merchandise available,https://www.theoldnunshead.co.uk/,n/a,n/a,n/a,https://www.instagram.com/theoldnunshead/?hl=en,02076394007,FALSE,FALSE,FALSE,"15 NUNHEAD GREEN, LONDON SE15 3QQ",SE15 3QQ,Nunhead,South London,"""The Ryan Gosling of pubs!""",,,
yes,London Beer Lab,https://www.instagram.com/londonbeerlab/,https://dw96cc912fm1e.cloudfront.net/dade0419-50f7-4079-be42-eec5833c481b.png,Brewery,London,,n/a,n/a,Beers delivered!,https://www.londonbeerlab.com/,Vouchers available,https://www.londonbeerlab.com/,n/a,https://www.instagram.com/londonbeerlab/,02083966517,FALSE,TRUE,FALSE,"Arch 41, Railway Arches, Nursery Rd, Ferndale, London SW9 8BP",SW9 8BP,Brixton,South London,"A microbrewery based in Brixton, London. Providing beer making workshops, bottle shop, growler fills and home brew supplies.",,,
linkphoto,Theo's,https://www.instagram.com/theospizzeria/,,Restaurant,London,,n/a,n/a,n/a,n/a,Vouchers available,https://theospizzeria.giftpro.co.uk/vouchers/monetary-voucher/,n/a,https://www.instagram.com/theospizzeria/?hl=en,02030264224,FALSE,FALSE,FALSE,"2 Grove Lane, CamberwellLondon SE5 8SY",SE5 8SY,Camberwell,South London,"Wood-fired Neapolitan pizza and panuozzo. Eat-in, takeaway or delivery.",,,
yes,Koi Ramen Bar - Pop Brixton,https://www.instagram.com/popbrixton/,https://dw96cc912fm1e.cloudfront.net/7e74dd2e-d8b3-4638-8160-718ee9483b47.png,Restaurant,London,,n/a,n/a,On Deliveroo / Uber eats,https://deliveroo.co.uk/menu/london/brixton/koi-ramen-pop-brixton?day=today&geohash=gcputrg4nnwm&time=ASAP,n/a,n/a,n/a,https://www.instagram.com/koiramenbar/,07796463972,TRUE,TRUE,FALSE,49 Brixton Station Rd SW9 8PQ,SW9 8PQ,Brixton,South London,"Japanese Ramen Noodle Bar, specialising in Tonkotsu Ramen – a rich and creamy pork soup noodle from the Southern regions of Japan.",,,
yes,Four Hundred Rabbits,https://www.400rabbits.co.uk/,https://dw96cc912fm1e.cloudfront.net/3b66a524-b847-44b9-9273-7a67d3a1da83.png,Restaurant,London,,Pre-order for collection by phone or online,https://www.400rabbits.co.uk/,On Deliveroo,https://deliveroo.co.uk/brands/400-rabbits,n/a,n/a,n/a,https://www.instagram.com/4hundredrabbits/?hl=en,02077324115,TRUE,TRUE,FALSE,"143 Evelina Rd, Nunhead, London SE15 3HB",SE15 3HB,Nunhead,South London,"Open 4.30-8.30 weekdays and 11-9 weekends. Branches in Nunhead (0207 732 4115), Herne Hill (0207 737 8183), Crystal Palace (0208 771 6249), West Norwood (0208 761 0872)",,,
linkphoto,Mondo Brewing,https://www.instagram.com/mondobrewing/,,Brewery,London,,"Purchase beer for takeaway or courier withint 2.5 miles of brewery location. If further than 2.5 miles call at 020 7720 0782 to order and deliver to SE15, SE14, SE21, SE27, SW19, SW17, SW16, SW2, SW18",https://mondobeer.com/,"Purchase beer for takeaway or courier withint 2.5 miles of brewery location. If further than 2.5 miles call at 020 7720 0782 to order and deliver to SE15, SE14, SE21, SE27, SW19, SW17, SW16, SW2, SW18",https://mondobeer.com/,n/a,n/a,n/a,https://www.instagram.com/mondobrewing/,02077200782,TRUE,TRUE,FALSE,"86-92 Stewart's Road, Battersea, London, ",SW8 4UG,Battersea,South London,An independent microbrewery working hard to get you some much needed beer.,,,
yes,Lumberjack,https://www.instagram.com/wearelumberjackcoffee/,https://dw96cc912fm1e.cloudfront.net/57723a77-eb8b-49de-9127-75397ef75e1d.png,Cafe,London,,n/a,n/a,Deliveries within 0.5 miles of their Camberwell cafe.,https://shop.wearelumberjack.co.uk/,Vouchers available,https://shop.wearelumberjack.co.uk/,n/a,https://www.instagram.com/wearelumberjackcoffee/,02072079567,TRUE,TRUE,TRUE,"70 Camberwell Church Street, SE5 8QZ",SE5 8QZ,Camberwell,South London,Lumberjack is a cafe in the heart of Camberwell serving great coffee and food. ,,,
yes,Batch,https://www.instagram.com/batchbar/,https://dw96cc912fm1e.cloudfront.net/58bd7d42-bb1d-4571-8ac7-7c25e7725f66.png,Pub,London,,Isolation Takeaway drinks menu available,https://www.batch.bar/,n/a,n/a,Vouchers available,https://www.designmynight.com/london/bars/peckham/batch,n/a,https://www.instagram.com/batchbar/?hl=en,07960361210,FALSE,TRUE,FALSE,"56 Peckham Rye, Peckham, London SE15 4JR",SE15 4JR,Peckham,South London,BATCH Cocktail Bar on Peckham Rye still doing take aways andvouchers.,,,
yes,Two Hundred Rye Lane,https://www.instagram.com/twohundredryelane/,https://dw96cc912fm1e.cloudfront.net/7c32da53-4412-48cb-8aa1-537f66f0deb5.png,Restaurant,London,,"Cocktails, brunch, wings and burgers for collection.",https://www.twohundredryelane.com/,On Deliveroo,https://deliveroo.co.uk/menu/london/peckham/peckham-wingz,n/a,n/a,n/a,https://www.instagram.com/twohundredryelane/,02077328519,TRUE,TRUE,FALSE,"200 Rye Lane, London, SE154NF",SE15 4NF,Peckham,South London,"Cocktail bar & small plates restaurant on Rye Lane, Peckham, doing pick-ups an ddeliveries of wings, burgers and drinks in the local area.",,,
yes,Brick Brewery,https://www.instagram.com/brickbreweryse15/,https://dw96cc912fm1e.cloudfront.net/702c3a50-ffcd-4917-a41c-efaa50e9ec85.png,Brewery,London,,n/a,n/a,n/a,n/a,Vouchers available,https://giftup.app/place-order/fb9b8c5a-696e-497d-aacb-105183cf8c09?platform=Hosted&fbclid=IwAR1WbUCMAzS76JH2wtNxVfZuUjfXvDussRCRxOi0Fwgpvs4bGjlrvalv-qM,n/a,https://www.instagram.com/brickbreweryse15/,02035839640,FALSE,TRUE,FALSE,"Blenheim Grove, Peckham, London SE15 4QL",SE15 4QL,Peckham,South London,"Microbrewery in Peckham Rye. Gift Card can be used against purchases on our new webstore (use discount code section) or saved for when we’re back in action at the Taproom. Local delivery options to follow shortly but will only be for postcodes #SE15 & #SE22 initially,so outside of this area you will need to use the courier service or wait for Deliveroo to be up & running.",,,
yes,The Tapas Room,https://www.instagram.com/thetapasroom/?hl=en,https://dw96cc912fm1e.cloudfront.net/dc376448-6b8a-4965-9ddf-1882d09abbd1.png,Restaurant,London,,Contact Max on 07985193555,https://www.instagram.com/p/B99sdt5nCQC/,n/a,n/a,n/a,n/a,n/a,https://www.instagram.com/thetapasroom/?hl=en,02086926614,TRUE,TRUE,FALSE,"Arch 8, 4 Deptford Market Yard, 133 Deptford High St, Deptford, London SE8 4BX",SE8 4BX,Deptford,South London,Takeaways between 1-8pm. We will be offering a 10% discount on the full menu. Shop items and takeaway wine available - contact Max on 07985193555 to arrange orders.,,,
yes,Tupi,https://www.instagram.com/tupilondon/?hl=en,https://dw96cc912fm1e.cloudfront.net/eb543d0a-0f66-42d3-9094-9684011d4d33.png,Restaurant,London,,n/a,n/a,On Deliveroo,https://deliveroo.co.uk/menu/london/peckham/tupi,n/a,n/a,n/a,https://www.instagram.com/tupilondon/?hl=en,02076355949,TRUE,TRUE,FALSE,"206 Rye Ln, London, SE154NL",SE154NL,Peckham,South London,"Located at the Heart of Peckham Rye & Elephant and Castle , TUPI restaurant brings together Europe and South America with a menu that's healthy and indulgent, regardless if it's breakfast, lunch or dinner, gluten or dairy free, there is enough choice and diversity to satisfy any craving. 20% of their menu for deliveries of over £25.",,,
yes,Vegan Garden London,https://www.instagram.com/vegangardenlondon/?hl=en,https://dw96cc912fm1e.cloudfront.net/efe4f03f-cf99-45a9-a956-956bd8536c42.png,Restaurant,London,,n/a,n/a,Email your order before Friday noon on: vegangardenlondon@gmail.com or text directly in 07957975069,n/a,n/a,n/a,n/a,https://www.instagram.com/vegangardenlondon/?hl=en,07957975069,TRUE,FALSE,FALSE,Greenwich Market,SE10 9HZ,Greenwich,South London,FREE LOCAL DELIVERY every Saturday. Email/text your order: vegangardenlondon@gmail.com or text 07957975069 B4 Friday noon.,,,
yes,Volcano Coffee Works,https://www.instagram.com/volcanocoffeeworks/?hl=en,https://dw96cc912fm1e.cloudfront.net/92c62328-5566-48a3-8aba-53229ba2088e.png,Cafe,London,,n/a,n/a,Online shop,https://volcanocoffeeworks.com/,n/a,n/a,n/a,https://www.instagram.com/volcanocoffeeworks/?hl=en,02086708927,TRUE,FALSE,FALSE,"Volcano Coffee Works' head office is based at 244 Ferndale Road, SW9 8FR",SW9 8FR,Dulwich,South London,PROUDLY INDEPENDENT SOUTH LONDON COFFEE ROASTERS Buy award-winning eco coffee pods and freshly roasted coffee online.,,,
linkphoto,e5 Bakehouse,https://e5bakehouse.com/,,Bakery,London,,"Open for takeaway bread as well as a range of other produce inc. coffee, olive oil, wine",https://www.instagram.com/p/B-OtUhRJQT-/,n/a,n/a,n/a,n/a,n/a,https://www.instagram.com/e5bakehouse/?hl=en,02085252890,FALSE,FALSE,TRUE,"395 Mentmore Terrace, Hackney, London E8 3PH",E8 3PH,London Fields,East London,,,,
linkphoto,Bread Station,http://www.thebreadstation.co.uk/,,Bakery,London,,Reduced Service,https://www.instagram.com/thebreadstation/?hl=en,n/a,n/a,n/a,n/a,n/a,https://www.instagram.com/thebreadstation/?hl=en,02072547388,FALSE,FALSE,TRUE,"373 Helmsley Pl, Hackney, London E8 3SB",E8 3SB,London Fields,East London,,,,
linkphoto,Pavilion,https://wearethepavilion.com/,,Bakery,London,,Pavilion's bread ovens are still firing on all cylinders and their now offering 3 loaves (mix & match) for £10 (available at their Columbia road and Broadway Market locations),https://www.instagram.com/p/B-NQPQcHc-O/,n/a,n/a,n/a,n/a,n/a,https://www.instagram.com/wearethepavilion/?hl=en,02072411241,FALSE,FALSE,TRUE,"18 Broadway Market, Hackney, London E8 4QJ",E8 4QJ,Columbia Rd & Broadway Market,East London,,,,
linkphoto,Trade,https://www.trade-made.co.uk/,,Cafe,London,,"Trade's Essex rd store remains open for all your breakfast, lunch and coffee takeaway needs (call 02034901880 to pre-order!)",n/a,n/a,n/a,n/a,n/a,n/a,https://www.instagram.com/trade_coffee/?hl=en,02034901880,TRUE,FALSE,FALSE,"330 Essex Rd, London N1 3PB",N1 3PB,Islington,North London,,,,
linkphoto,Anspach & Hobday,https://www.anspachandhobday.com/,,Brewery,London,,n/a,n/a,Now's a good time to get your round in with 15% off on their online shop (use code STOCKPILE at checkout),https://www.anspachandhobday.com/,n/a,n/a,n/a,https://www.instagram.com/anspachhobday/?hl=en,020 8617 9510,FALSE,TRUE,FALSE,"118 Druid St, Bermondsey, London SE1 2HH",SE1 2HH,Bermondsey,South London,,,,
linkphoto,Hiver ,https://www.hiverbeers.com/,,Brewery,London,,n/a,n/a,Get your favourite honey ales direct to your door with free online delivery for the rest of March,https://shop.hiverbeers.com/collections/beer-beer-beer,n/a,n/a,n/a,https://www.instagram.com/hiverbeers/?hl=en,02031989972,FALSE,TRUE,FALSE,"56 Stanworth St, Bermondsey, London SE1 3NY",SE1 3NY,Bermondsey,South London,,,,
,,,,,,,,,,,,,n/a,,,,,,,,,,,,,